{"grid":[["fire","air","fire","fire","air","water","soil","soil","soil","rock"],["air","water","air","air","air","air","earth","soil","soil","rock"],["fire","air","fire","fire","fire","fire","earth","soil","soil","rock"],["fire","air","water","water","water","water","earth","soil","soil","rock"],["air","water","earth","earth","earth","earth","earth","soil","soil","rock"],["fire","air","fire","fire","air","water","soil","soil","soil","rock"]],"hint":"","id":"0sugar","info":"","qc":false,"reqs":{"des":null,"ed":{},"el":{"sugar":4},"elat":null,"elim":[],"er":{},"mx":null,"mxf":null,"mxm":null,"pro":[],"rem":null,"sc":null,"stk":null,"tm":null},"rules":{"fp":false,"grav":true,"lev":0,"mode":"build","opt":0,"pool":{"air":15,"earth":15,"fire":15,"water":15},"rm":{},"rows":0,"tt":null},"song":null}
