{"grid":[["air","fire","fire","fire","fire","water","air","earth","water","fire"],["water","fire","fire","air","earth","fire","water","earth","fire","water"],["water","fire","earth","air","fire","air","fire","fire","air","earth"],["air","earth","air","fire","air","fire","earth","air","earth","water"],["earth","air","fire","water","earth","water","air","air","water","earth"],["air","fire","fire","air","fire","earth","earth","fire","fire","earth"]],"hint":"","id":"1 Remains","info":"","qc":false,"reqs":{"des":null,"ed":{},"el":{},"elat":null,"elim":[],"er":{},"mx":null,"mxf":null,"mxm":null,"pro":[],"rem":1,"sc":null,"stk":null,"tm":null},"rules":{"fp":false,"grav":true,"lev":0,"mode":"build","opt":0,"pool":{"air":15,"earth":15,"fire":15,"water":15},"rm":{},"rows":0,"tt":null},"song":"In The Lab"}
