{"grid":[[null,null,null,null,null,null,null,null,null,null],[null,null,null,null,null,null,null,null,null,null],[null,null,null,null,null,null,null,null,null,null],[null,null,null,null,null,null,null,null,null,null],[null,null,null,null,null,null,null,null,null,null],[null,null,null,null,null,null,null,null,null,null]],"hint":"The more elements that go into the creation of an element, the more points its worth.","id":"100 Points","info":"You must prove yourself. Reach a score of 100 points in less than 2 minutes. Only then, will I open the gate.","reqs":{"des":null,"ed":{},"el":{},"mx":null,"mxf":null,"mxm":null,"rem":null,"sc":100,"stk":null,"tm":120},"rules":{"grav":true,"lev":1,"mode":"challenge","opt":0,"pool":{"air":1,"earth":1,"fire":1,"water":1},"rows":3,"tt":60},"song":"A New Beginning"}
