{"grid":[[null,null,null,null,null,null,null,null,null,null],[null,null,null,null,null,null,null,null,null,null],[null,null,null,null,null,null,null,null,null,null],[null,null,null,null,null,null,null,null,null,null],[null,null,null,null,null,null,null,null,null,null],[null,null,null,null,null,null,null,null,null,null]],"hint":"The more elements that go into the creation of an element, the more points its worth.","id":"1000 Points","info":"You must prove yourself. Reach a score of 1000 points in less than 2 minutes. ","qc":true,"reqs":{"des":null,"ed":{},"el":{},"elat":null,"elim":[],"er":{},"mx":null,"mxf":null,"mxm":null,"pro":[],"rem":null,"sc":1000,"stk":null,"tm":120},"rules":{"fp":false,"grav":true,"lev":1,"mode":"challenge","opt":0,"pool":{"air":1,"earth":1,"fire":1,"water":1},"rm":{},"rows":6,"tt":60},"song":"Gameboy"}
