{"grid":[[null,null,null,null,null,null,null,null,null,null],[null,null,null,null,null,null,null,null,null,null],[null,null,null,null,null,null,null,null,null,null],[null,null,null,null,null,null,null,null,null,null],[null,null,null,null,null,null,null,null,null,null],[null,null,null,null,null,null,null,null,null,null]],"hint":"Some mixes use combonations of 3.","id":"25 Mixes","info":"Create 25 mixes\n in less than 2 mins.","qc":true,"reqs":{"des":null,"ed":{},"el":{},"elat":null,"elim":[],"er":{},"mx":25,"mxf":null,"mxm":null,"pro":[],"rem":null,"sc":null,"stk":null,"tm":120},"rules":{"fp":false,"grav":false,"lev":25,"mode":"challenge","opt":0,"pool":{"air":13,"earth":13,"fire":13,"water":13},"rm":{},"rows":4,"tt":60},"song":"Tokyo"}
