{"grid":[[null,null,null,null,null,null,null,null,null,null],[null,null,null,null,null,null,null,null,null,null],[null,null,null,null,null,null,null,null,null,null],[null,null,null,null,null,null,null,null,null,null],[null,null,null,null,null,null,null,null,null,null],[null,null,null,null,null,null,null,null,null,null]],"hint":"Alcohol can be made from sugar.","id":"alcohol","info":"Learn to make alcohol, and make it 7 times.","qc":false,"reqs":{"des":null,"ed":{},"el":{"alcohol":7},"elat":null,"elim":[],"er":{},"mx":null,"mxf":null,"mxm":null,"pro":[],"rem":null,"sc":null,"stk":null,"tm":210},"rules":{"fp":false,"grav":false,"lev":30,"mode":"challenge","opt":0,"pool":{"air":4,"earth":7,"fire":5,"grass":1,"life":2,"moss":1,"slime":1,"soil":1,"sugar":1,"water":6},"rm":{"alcohol":1,"bacteria":1,"dew":1,"energy":1,"grass":1,"heat":1,"life":1,"mist":1,"moss":1,"mud":1,"plasma":1,"pond":1,"qi":1,"sky":1,"slime":1,"soil":1,"steam":1,"sugar":1,"sun":1,"yeast":1},"rows":5,"tt":180},"song":"Winter Again"}
