{"grid":[[null,null,null,null,null,null,null,null,null,null],[null,null,null,null,null,null,null,null,null,null],[null,null,null,null,null,null,null,null,null,null],[null,null,null,null,null,null,null,null,null,null],[null,null,null,null,null,null,null,null,null,null],[null,null,null,null,null,null,null,null,null,null]],"hint":"Death begets living creatures. The cycle of life continues with destruction.","id":"Ashes To Ashes","info":"Use Life and Death to make ash 15 times,\nand reach 100 total mixes.","reqs":{"des":null,"ed":{},"el":{"ash":15},"er":{},"mx":100,"mxf":null,"mxm":null,"rem":null,"sc":null,"stk":null,"tm":null},"rules":{"fp":false,"grav":true,"lev":50,"mode":"challenge","opt":0,"pool":{"air":1,"death":1,"earth":2,"fire":1,"life":1,"water":2},"rows":3,"tt":300},"song":"Ghosts Of Edo"}
