{"grid":[["life","virus","virus","virus","virus","air","virus","life","bacteria","bacteria"],["virus","virus","virus","virus","virus","virus","air","bacteria","fire","bacteria"],["virus","virus","virus","virus","virus","virus","bacteria","bacteria","bacteria","air"],["fire","virus","earth","virus","bacteria","life","air","bacteria","bacteria","bacteria"],["water","energy","virus","bacteria","air","life","energy","fire","water","bacteria"],["fire","bacteria","bacteria","life","energy","water","water","fire","earth","life"]],"hint":"","id":"bacattack","info":"","reqs":{"des":null,"ed":{"bacteria":0,"virus":5},"el":{},"er":{},"mx":null,"mxf":null,"mxm":null,"rem":null,"sc":null,"stk":null,"tm":null},"rules":{"fp":false,"grav":true,"lev":0,"mode":"breakdown","opt":0,"pool":{"air":1,"bacteria":1,"earth":1,"energy":1,"fire":1,"life":1,"virus":0,"water":1},"rows":3,"tt":null},"song":null}
