{"grid":[[null,null,null,null,null,null,null,null,null,null],[null,null,null,null,null,"water","earth","wall","wall","wall"],[null,null,null,null,"water","air","fire","wall","fire","wall"],[null,null,null,null,"water","air","fire","water","water","wall"],[null,null,null,null,null,"water","earth","wall","earth","wall"],[null,null,null,null,null,null,null,null,null,null]],"hint":"Bacteria grows in slime.","id":"bacteria","info":"Scientist: Next we must study the creation of bacteria. Create once.","reqs":{"des":null,"ed":{},"el":{"bacteria":1},"er":{},"mx":null,"mxf":null,"mxm":null,"rem":null,"sc":null,"stk":null,"tm":null},"rules":{"fp":false,"grav":true,"lev":30,"mode":"build","opt":0,"pool":{"air":3,"cloud":1,"earth":3,"energy":1,"fire":3,"life":1,"moss":1,"slime":1,"soil":1,"sun":1,"water":6},"rows":6,"tt":null},"song":"Ruled My World"}
