{"grid":[[null,null,null,null,null,null,null,null,null,null],[null,null,"metal","metal","metal","metal","metal","metal","metal","metal"],[null,"metal","metal",null,"water","earth","air","metal","metal","metal"],[null,"metal","metal","water","water","earth","fire","metal","metal","metal"],[null,null,"metal","metal","metal","metal","metal","metal","metal","metal"],[null,null,null,null,null,null,null,null,null,null]],"hint":"Bacteria grows in slime.","id":"bacteria","info":"Scientist: First we must study the creation of bacteria. It will come in handy later. Just create it once.","qc":false,"reqs":{"des":null,"ed":{},"el":{"bacteria":1},"elat":null,"elim":[],"er":{},"mx":null,"mxf":null,"mxm":null,"pro":[],"rem":null,"sc":null,"stk":null,"tm":null},"rules":{"fp":false,"grav":true,"lev":30,"mode":"build","opt":0,"pool":{"air":3,"cloud":1,"earth":3,"energy":1,"fire":3,"life":1,"moss":1,"slime":1,"soil":1,"sun":1,"water":6},"rm":{"bacteria":1,"energy":1,"life":1,"plasma":1,"pond":1,"slime":1},"rows":6,"tt":null},"song":"Ruled My World"}
