{"grid":[[null,"earth","earth","earth","earth","earth","fire","air","water","fire"],["earth","clay","earth","earth","earth","air","air","earth","earth","water"],[null,"methane","earth","gun Powder","earth","flame","air","bomb","air","fire"],["water","mud","slime","earth","earth","bomb","water","water","water","fire"],[null,"water","slime","earth","air","slime","life","earth","river","earth"],["earth","flame","water","fire","earth","flame","earth","gravel","energy","heat"]],"hint":"","id":"bombTest","info":"","reqs":{"des":null,"ed":{},"el":{},"er":{},"mx":9000,"mxf":null,"mxm":null,"rem":null,"sc":null,"stk":null,"tm":null},"rules":{"fp":false,"grav":false,"lev":0,"mode":"challenge","opt":0,"pool":{"air":13,"earth":13,"fire":13,"water":13},"rows":0,"tt":null},"song":null}
