{"grid":[[null,null,null,null,null,"clay","fire","clay","air","fire"],[null,null,null,null,null,"fire","earth","flame","life","coal"],[null,null,null,null,null,"earth","pressure","death","earth","flame"],[null,null,null,null,null,"water","flame","life","pressure","water"],[null,null,null,null,null,"life","air","pressure","water","death"],[null,null,null,null,null,"death","coal","coal","air","clay"]],"hint":"Making sulfur is the hardest part.\n\nThink of something hot.","id":"Bombs Away","info":"Discover how to make a bomb and ignite one.","qc":true,"reqs":{"des":null,"ed":{"bomb":1},"el":{"bomb":1},"elat":null,"elim":[],"er":{},"mx":null,"mxf":null,"mxm":null,"pro":[],"rem":null,"sc":null,"stk":null,"tm":120},"rules":{"fp":false,"grav":false,"lev":40,"mode":"challenge","opt":0,"pool":{"air":1,"clay":1,"coal":1,"death":1,"earth":1,"fire":1,"flame":1,"life":1,"pressure":1,"water":1},"rm":{},"rows":5,"tt":90},"song":"Ruled My World"}
