{"grid":[[null,null,null,null,"flower","flower",null,null,null,null],[null,null,null,"flower","earth","pressure","flower",null,null,null],[null,null,"flower","flame","clay","fire","pressure","flower",null,null],[null,null,"flower","earth","air","coal","rock","flower",null,null],[null,null,null,"flower","fire","flower","flower",null,null,null],[null,null,null,null,"flower","flower",null,null,null,null]],"hint":"You must create two key ingredients: an explosive material, and a vessel to contain it.","id":"bomb","info":"Make a bomb!","qc":false,"reqs":{"des":null,"ed":{},"el":{"bomb":1},"elat":null,"elim":[],"er":{},"mx":null,"mxf":null,"mxm":null,"pro":[],"rem":null,"sc":null,"stk":null,"tm":null},"rules":{"fp":false,"grav":false,"lev":0,"mode":"build","opt":0,"pool":{"air":13,"earth":13,"fire":13,"water":13},"rm":{"ash":1,"blaze":1,"bomb":1,"ceramic":1,"dust":1,"flame":1,"gun Powder":1,"magma":1,"ore":1,"spark":1,"sulfur":1},"rows":0,"tt":null},"song":"Winter Again"}
