{"grid":[[null,null,null,null,"flower","flower",null,null,null,null],[null,null,null,"flower","flower","earth","flower",null,null,null],[null,null,"flower","flame","clay","fire","pressure","flower",null,null],[null,null,"flower","earth","air","coal","rock","flower",null,null],[null,null,null,"flower","fire","flower","flower",null,null,null],[null,null,null,null,"flower","flower",null,null,null,null]],"hint":"You must create two key ingredients: an explosive material, and a vessel to contain it.","id":"Bomb","info":"Make a bomb!","reqs":{"des":null,"ed":{},"el":{"bomb":1},"er":{},"mx":null,"mxf":null,"mxm":null,"rem":null,"sc":null,"stk":null,"tm":null},"rules":{"fp":false,"grav":false,"lev":0,"mode":"build","opt":0,"pool":{"air":13,"earth":13,"fire":13,"water":13},"rows":0,"tt":null},"song":"Winter Again"}
