{"grid":[[null,null,null,null,null,null,null,null,null,null],[null,null,null,null,null,null,null,null,null,null],[null,null,null,null,null,null,null,null,null,null],[null,null,null,null,null,null,null,null,null,null],[null,null,null,null,null,null,null,null,null,null],[null,null,null,null,null,null,null,null,null,null]],"hint":"Making sulfur is the hardest part.\n\nThink of something hot.","id":"bombs Away","info":"Discover how to make bombs and destroy 10 elements.","reqs":{"des":10,"ed":{"bomb":1},"el":{"bomb":1},"er":{},"mx":null,"mxf":null,"mxm":null,"rem":null,"sc":null,"stk":null,"tm":120},"rules":{"fp":false,"grav":false,"lev":40,"mode":"challenge","opt":0,"pool":{"air":1,"clay":1,"coal":1,"death":1,"earth":1,"fire":1,"flame":1,"life":1,"pressure":1,"water":1},"rows":5,"tt":90},"song":"Ruled My World"}
