{"grid":[[null,null,null,"water","cloud","earth","soil","soil","soil","soil"],[null,null,"water","water","cloud","earth","soil","soil","soil","soil"],[null,"water","water","cloud","cloud","earth","soil","soil","soil","soil"],[null,null,"air","cloud","air","earth","soil","soil","soil","soil"],[null,"sun","cloud","fire","fire","fire","soil","soil","soil","soil"],[null,null,"air","air","air","air","soil","soil","soil","soil"]],"hint":"Brick are made by heating clay. ","id":"brick","info":"Discover the formula for making bricks.","qc":true,"reqs":{"des":null,"ed":{},"el":{"brick":1},"elat":null,"elim":[],"er":{},"mx":null,"mxf":null,"mxm":null,"pro":[],"rem":null,"sc":null,"stk":null,"tm":null},"rules":{"fp":false,"grav":true,"lev":0,"mode":"build","opt":0,"pool":{"air":13,"earth":13,"fire":13,"water":13},"rm":{"brick":1,"clay":1,"energy":1,"frost":1,"heat":1,"ice":1,"mist":1,"mud":1,"pressure":1,"rain":2,"salt":1,"sky":1,"snow":1,"storm":1,"sun":1,"wind":1},"rows":0,"tt":null},"song":"A New Beginning"}
