{"grid":[[null,null,null,null,null,null,"grass","soil","soil","soil"],[null,null,null,null,null,null,"grass","soil","soil","soil"],[null,null,null,null,null,null,"grass","soil","soil","soil"],[null,null,null,null,null,null,"grass","soil","soil","soil"],[null,null,null,null,null,null,"grass","soil","soil","soil"],[null,null,null,null,null,null,"grass","soil","soil","soil"]],"hint":"Clay and Life is worm. Catepillars come from the grass. Butterflies just take time.","id":"butterfly Garden","info":"Create 5 butterflies","reqs":{"des":null,"ed":{},"el":{"butterfly":5},"er":{},"mx":null,"mxf":null,"mxm":null,"rem":null,"sc":null,"stk":null,"tm":null},"rules":{"fp":false,"grav":false,"lev":40,"mode":"challenge","opt":0,"pool":{"air":3,"clay":1,"earth":5,"fire":4,"life":1,"pressure":1,"time":1,"water":3},"rows":0,"tt":240},"song":null}
