{"grid":[[null,null,null,null,null,null,"grass","soil","soil","soil"],[null,null,null,null,null,null,"grass","soil","soil","soil"],[null,null,null,null,null,null,"grass","soil","soil","soil"],[null,null,null,null,null,null,"grass","soil","soil","soil"],[null,null,null,null,null,null,"grass","soil","soil","soil"],[null,null,null,null,null,null,"grass","soil","soil","soil"]],"hint":"Clay and Life is worm. Catepillars come from the grass. Butterflies just take time.","id":"butterfly Garden","info":"Create 5 butterflies","qc":true,"reqs":{"des":null,"ed":{},"el":{"butterfly":5},"elat":null,"elim":[],"er":{},"mx":null,"mxf":null,"mxm":null,"pro":[],"rem":null,"sc":null,"stk":null,"tm":null},"rules":{"fp":false,"grav":false,"lev":40,"mode":"challenge","opt":0,"pool":{"air":3,"clay":1,"earth":5,"fire":4,"life":1,"pressure":1,"time":1,"water":3},"rm":{"butterfly":1,"catepillar":1,"chrysalis":1,"clay":1,"dew":1,"energy":1,"grass":1,"gravity":1,"life":1,"moss":1,"mud":1,"plasma":1,"pressure":1,"qi":1,"soil":1,"steam":1,"time":1,"worm":1},"rows":0,"tt":240},"song":null}
