{"grid":[[null,null,null,null,null,null,"soil","rock","rock","rock"],[null,null,null,null,null,null,"soil","rock","rock","rock"],[null,null,null,null,null,null,"soil","rock","rock","rock"],[null,null,null,null,null,null,"soil","rock","rock","rock"],[null,null,null,null,null,null,"soil","rock","rock","rock"],[null,null,null,null,null,null,"soil","rock","rock","rock"]],"hint":"Butterflies grow in a matter of time.","id":"butterfly","info":"Discover the how to create butterflys and make 3.","qc":true,"reqs":{"des":null,"ed":{},"el":{"butterfly":3},"elat":null,"elim":[],"er":{},"mx":null,"mxf":null,"mxm":null,"pro":[],"rem":null,"sc":null,"stk":null,"tm":null},"rules":{"fp":false,"grav":false,"lev":20,"mode":"challenge","opt":0,"pool":{"air":1,"clay":1,"dew":1,"earth":1,"fire":1,"gravity":1,"life":2,"pressure":1,"soil":1,"time":1,"water":1},"rm":{"butterfly":1,"catepillar":1,"chrysalis":1,"clay":1,"dew":1,"energy":1,"grass":1,"gravity":1,"life":1,"moss":1,"mud":1,"plasma":1,"pressure":1,"qi":1,"soil":1,"steam":1,"time":1,"worm":1},"rows":0,"tt":180},"song":"In The Lab"}
