{"grid":[[null,null,null,null,null,null,null,"soil","rock","rock"],[null,null,null,null,null,"fire","water","soil","rock","rock"],[null,null,null,null,null,"air","worm","soil","rock","rock"],[null,null,null,null,null,"water","earth","soil","rock","rock"],[null,null,null,null,null,"air","earth","soil","rock","rock"],[null,null,null,null,null,null,null,"soil","rock","rock"]],"hint":"Caterpillar are found in the grass.","id":"caterpillar","info":"Make a caterpillar.","qc":false,"reqs":{"des":null,"ed":{},"el":{"caterpillar":1},"elat":null,"elim":[],"er":{},"mx":null,"mxf":null,"mxm":null,"pro":[],"rem":null,"sc":null,"stk":null,"tm":null},"rules":{"fp":false,"grav":true,"lev":0,"mode":"build","opt":0,"pool":{"air":13,"earth":13,"fire":13,"water":13},"rm":{"catepillar":1,"dew":1,"energy":1,"grass":1,"life":1,"mist":1,"moss":1,"plasma":1},"rows":0,"tt":null},"song":"Bouncy"}
