{"grid":[[null,null,null,null,null,null,null,"soil","rock","rock"],[null,null,null,null,null,"fire","water","soil","rock","rock"],[null,null,null,null,"air","air","worm","soil","rock","rock"],[null,null,null,null,"earth","water","earth","soil","rock","rock"],[null,null,null,null,null,null,"earth","soil","rock","rock"],[null,null,null,null,null,null,null,"soil","rock","rock"]],"hint":"Catepillar are found in the grass.","id":"catepillar","info":"Make a catepillar.","reqs":{"des":null,"ed":{},"el":{"catepillar":1},"er":{},"mx":null,"mxf":null,"mxm":null,"rem":null,"sc":null,"stk":null,"tm":null},"rules":{"fp":false,"grav":true,"lev":0,"mode":"build","opt":0,"pool":{"air":13,"earth":13,"fire":13,"water":13},"rows":0,"tt":null},"song":"Bouncy"}
