{"grid":[["stone","stone","stone","gravel","gravel","soil","soil","soil","grass","grass"],["stone","gravel","gravel","gravel","gravel","soil","soil","soil","sand","grass"],["stone","rabbit","rock","rock","rock","rock","rock","rock","sand","sand"],["stone","gravel","soil","soil","gravel","soil","soil","salt","sand","grass"],["stone","fire","pressure","fire","stone","air","air","water","grass","grass"],["pond","fire","water","water","fire","stone","stone","water","grass","grass"]],"hint":"","id":"cave-in","info":"Free the Rabbit from the cave in.","qc":false,"reqs":{"des":null,"ed":{},"el":{},"elat":["rabbit","(2, 7)"],"elim":[],"er":{},"mx":null,"mxf":null,"mxm":null,"pro":["rabbit"],"rem":null,"sc":null,"stk":null,"tm":null},"rules":{"fp":false,"grav":true,"lev":0,"mode":"build","opt":0,"pool":{"air":15,"earth":15,"fire":15,"water":15},"rm":{},"rows":0,"tt":null},"song":"Ruled My World"}
