{"grid":[[null,null,null,null,null,null,null,null,null,"soil"],[null,null,null,null,null,null,null,null,null,"soil"],[null,null,null,null,null,null,null,null,null,"soil"],[null,null,null,null,null,null,null,null,null,"soil"],[null,null,null,null,null,null,null,null,null,"soil"],[null,null,null,null,null,null,null,null,null,"soil"]],"hint":"","id":"city","info":"Make a city.","reqs":{"des":null,"ed":{},"el":{"city":1},"er":{},"mx":null,"mxf":null,"mxm":null,"rem":null,"sc":null,"stk":null,"tm":null},"rules":{"fp":false,"grav":true,"lev":40,"mode":"challenge","opt":0,"pool":{"air":4,"brick":4,"clay":4,"earth":8,"energy":2,"fire":4,"heat":4,"sky":2,"wall":2,"water":4},"rows":0,"tt":960},"song":"Tokyo"}
