{"grid":[[null,null,"rock","rock","rock","rock","rock","rock","soil","soil"],[null,"rock","rock","rock","rock","water","rock","rock","rock","soil"],["rock","rock","earth","earth","rock","earth","earth","rock","rock","rock"],["rock","earth","rock","water","rock","water","earth","rock","rock","rock"],[null,"rock","rock","rock","rock","rock","rock","rock","rock","soil"],[null,null,"rock","rock","rock","rock","rock","rock","soil","soil"]],"hint":"Some elements are made of three.","id":"clay","info":"Create clay 3 times.","reqs":{"des":null,"ed":{},"el":{"clay":3},"er":{},"mx":null,"mxf":null,"mxm":null,"rem":null,"sc":null,"stk":null,"tm":null},"rules":{"fp":false,"grav":true,"lev":25,"mode":"breakdown","opt":0,"pool":{"air":4,"clay":1,"death":1,"earth":6,"fire":4,"life":2,"mist":1,"sky":1,"soil":1,"water":4,"wind":1},"rows":0,"tt":20},"song":"Alchemist Adventure"}
