{"grid":[[null,null,null,"rock","rock","rock","rock","rock","rock","rock"],[null,"rock","rock","rock","rock","earth","earth","rock","rock","rock"],["rock","water","rock","rock","water","rock","rock","earth","rock","rock"],["rock","earth","earth","rock","earth","rock","earth","rock","rock","rock"],[null,"rock","rock","water","rock","rock","earth","water","rock","rock"],[null,null,null,"rock","rock","rock","rock","rock","rock","rock"]],"hint":"Use gravity to line up your combos.","id":"clay","info":"Create clay 4 times.","qc":true,"reqs":{"des":null,"ed":{},"el":{"clay":4},"elat":null,"elim":[],"er":{},"mx":null,"mxf":null,"mxm":null,"pro":[],"rem":null,"sc":null,"stk":null,"tm":null},"rules":{"fp":false,"grav":true,"lev":0,"mode":"build","opt":0,"pool":{"air":15,"earth":15,"fire":15,"water":15},"rm":{"clay":1,"mud":1},"rows":0,"tt":null},"song":"Hyphy New Year"}
