{"grid":[["rain","rain","steam","rain","wind","rain","grass","soil","soil","rock"],["rain","sky","steam","rain","mist","steam","grass","soil","soil","rock"],["rain","sky","sky","mist","rain","rain","grass","soil","soil","rock"],["rain","sky","mist","rain","mist","rain","grass","soil","soil","rock"],["rain","rain","steam","mist","rain","steam","grass","soil","soil","rock"],["rain","sky","rain","rain","rain","rain","grass","soil","soil","rock"]],"hint":"There are various ways to make cloud.","id":"cloud","info":"Make 5 clouds.","qc":false,"reqs":{"des":null,"ed":{},"el":{"cloud":5},"elat":null,"elim":[],"er":{},"mx":null,"mxf":null,"mxm":null,"pro":[],"rem":null,"sc":null,"stk":null,"tm":null},"rules":{"fp":false,"grav":true,"lev":0,"mode":"breakdown","opt":0,"pool":{"air":15,"earth":15,"fire":15,"water":15},"rm":{"cloud":1,"fog":1},"rows":0,"tt":30},"song":"Tokyo"}
