{"grid":[[null,null,null,null,null,"rock","rock","rock","rock","rock"],[null,null,null,"air","fire","rock","rock","rock","rock","rock"],[null,null,null,"fire","air","earth","rock","rock","rock","rock"],[null,null,null,"fire","fire","earth","rock","rock","rock","rock"],[null,null,null,"water","fire","earth","rock","rock","rock","rock"],[null,null,null,null,"water","fire","rock","rock","rock","rock"]],"hint":"Pressure is required.","id":"coal","info":"Create coal.","qc":false,"reqs":{"des":null,"ed":{},"el":{"coal":1},"elat":null,"elim":[],"er":{},"mx":null,"mxf":null,"mxm":null,"pro":[],"rem":null,"sc":null,"stk":null,"tm":null},"rules":{"fp":false,"grav":true,"lev":0,"mode":"build","opt":0,"pool":{"air":13,"earth":13,"fire":13,"water":13},"rm":{"ash":1,"coal":1,"pressure":1,"smoke":1,"steam":1},"rows":0,"tt":null},"song":"Ghosts Of Edo"}
