{"grid":[["cloud","soil","soil","soil","soil","soil","soil","soil","soil","soil"],["cloud","ash","soil","ash","soil","soil","soil","ash","soil","soil"],["rain","soil","ash","soil","soil","ash","soil","soil","ash","soil"],["cloud","ash","soil","soil","soil","soil","ash","soil","soil","ash"],["cloud","soil","soil","ash","ash","soil","soil","soil","ash","soil"],["cloud","soil","soil","soil","soil","soil","soil","soil","soil","soil"]],"hint":"Use gravity to line up the elements.","id":"Coal in the Hills","info":"Make coal from ash, 4 times.","qc":false,"reqs":{"des":null,"ed":{},"el":{"coal":4},"elat":null,"elim":[],"er":{},"mx":null,"mxf":null,"mxm":null,"pro":[],"rem":null,"sc":null,"stk":null,"tm":null},"rules":{"fp":false,"grav":true,"lev":0,"mode":"build","opt":0,"pool":{"air":15,"earth":15,"fire":15,"water":15},"rm":{"coal":1,"sprout":1},"rows":0,"tt":null},"song":"Tokyo"}
