{"grid":[[null,null,null,null,"water","electric Eel","soil","soil","rock","rock"],["earth","air","steam","air","frog","swamp","soil","soil","rock","rock"],["steam","fire","earth","fire","butterfly","grass","soil","soil","rock","rock"],[null,"earth","air","fire","snail","grass","soil","soil","rock","rock"],[null,"water","earth","water","slug","rock","soil","soil","rock","rock"],[null,null,null,"water","worm","grass","soil","soil","rock","rock"]],"hint":"Death is only a matter of time.","id":"death","info":"Discover death and create ash to pass.","reqs":{"des":null,"ed":{},"el":{"ash":1,"death":1},"er":{},"mx":null,"mxf":null,"mxm":null,"rem":null,"sc":null,"stk":null,"tm":null},"rules":{"fp":false,"grav":true,"lev":50,"mode":"breakdown","opt":0,"pool":{"air":3,"earth":6,"fire":3,"life":1,"pressure":1,"time":1,"water":3},"rows":0,"tt":30},"song":null}
