{"grid":[[null,null,null,null,null,null,null,null,null,null],[null,null,null,null,null,null,null,null,null,null],[null,null,null,null,null,null,null,null,null,null],[null,null,null,null,null,null,null,null,null,null],[null,null,null,null,null,null,null,null,null,null],[null,null,null,null,null,null,null,null,null,null]],"hint":"Create  methane by compressing \nash twice.","id":"Destroy and Survive","info":"Use destructive elements. Victory when only 10 elements remain.","qc":true,"reqs":{"des":null,"ed":{},"el":{},"elat":null,"elim":[],"er":{},"mx":null,"mxf":null,"mxm":null,"pro":[],"rem":10,"sc":null,"stk":null,"tm":240},"rules":{"fp":false,"grav":true,"lev":60,"mode":"challenge","opt":0,"pool":{"air":2,"ash":1,"earth":2,"fire":2,"water":2},"rm":{},"rows":6,"tt":180},"song":"Alchemist Adventure"}
