{"grid":[[null,null,null,null,null,null,null,null,null,null],[null,null,null,null,null,null,null,null,null,null],[null,null,null,null,"air","water",null,null,null,null],[null,null,null,null,"fire","earth",null,null,null,null],[null,null,null,null,null,null,null,null,null,null],[null,null,null,null,null,null,null,null,null,null]],"hint":"","id":"dust","info":"Make Dust from Air and Earth.","reqs":{"des":null,"ed":{},"el":{"dust":1},"mx":null,"mxf":null,"mxm":null,"rem":null,"sc":null,"stk":null,"tm":null},"rules":{"grav":false,"lev":0,"mode":"build","opt":0,"pool":{},"rows":3,"tt":null},"song":"In The Lab"}
