{"grid":[[null,null,null,null,null,null,null,null,null,null],[null,null,null,null,null,null,null,null,null,null],[null,null,null,null,"air","water",null,null,null,null],[null,null,null,null,"fire","earth",null,null,null,null],[null,null,null,null,null,null,null,null,null,null],[null,null,null,null,null,null,null,null,null,null]],"hint":"Mix Air and Earth","id":"dust","info":"Make Dust from Air and Earth","qc":false,"reqs":{"des":null,"ed":{},"el":{"dust":1},"elat":null,"elim":[],"er":{},"mx":null,"mxf":null,"mxm":null,"pro":[],"rem":null,"sc":null,"stk":null,"tm":null},"rules":{"fp":false,"grav":false,"lev":0,"mode":"build","opt":0,"pool":{"air":15,"earth":15,"fire":15,"water":15},"rm":{"dust":1},"rows":3,"tt":null},"song":"In The Lab"}
