{"grid":[[null,null,null,null,"sea","rock","rock","rock","rock","rock"],[null,null,null,null,"sea","rock","rock","rock","rock","rock"],[null,null,null,null,"sea","rock","rock","rock","rock","rock"],[null,null,null,null,"sea","rock","rock","rock","rock","rock"],[null,null,null,null,"sea","rock","rock","rock","rock","rock"],[null,null,null,null,"sea","rock","rock","rock","rock","rock"]],"hint":"Eels are a lot like worms.","id":"eel","info":"Discover how to make Eels and create 5","qc":true,"reqs":{"des":null,"ed":{},"el":{"eel":5},"elat":null,"elim":[],"er":{},"mx":null,"mxf":null,"mxm":null,"pro":[],"rem":null,"sc":null,"stk":null,"tm":null},"rules":{"fp":false,"grav":false,"lev":40,"mode":"challenge","opt":0,"pool":{"air":1,"clay":1,"earth":3,"fire":1,"plasma":1,"pond":1,"salt":1,"water":2},"rm":{"clay":1,"eel":1,"energy":1,"lake":1,"life":1,"mud":1,"plasma":1,"pond":1,"river":1,"salt":1,"sea":1,"worm":1},"rows":0,"tt":120},"song":"In The Lab"}
