{"grid":[["mountain","mountain","mountain","mountain","mountain","mountain","mountain","mountain","mountain","mountain"],["mountain","fire","air","water","air","air","mountain","mountain","mountain","mountain"],["mountain","air","air","mountain","energy","mountain","air","air","mountain","mountain"],["mountain","fire","air","mountain","mountain","air","static","dust","mountain","mountain"],["mountain","water","fire","air","earth","air","mountain","mountain","mountain","mountain"],["mountain","mountain","mountain","mountain","mountain","mountain","mountain","mountain","mountain","mountain"]],"hint":"","id":"electricity","info":"Make electricity 4 times.","qc":false,"reqs":{"des":null,"ed":{},"el":{"electricity":5},"elat":null,"elim":[],"er":{},"mx":null,"mxf":null,"mxm":null,"pro":[],"rem":null,"sc":null,"stk":null,"tm":null},"rules":{"fp":false,"grav":true,"lev":0,"mode":"build","opt":0,"pool":{"air":15,"earth":15,"fire":15,"water":15},"rm":{},"rows":0,"tt":null},"song":"A New Beginning"}
