{"grid":[["sea","sea","sea","sea","sea","sea","sea","sea","sea","sea"],["sea","sea","air","sea","sea","sea","sea","sea","electricity","sea"],["sea","sea","eel","worm","earth","static","energy","earth","clay","sea"],["sea","air","mud","air","worm","electricity","life","static","sea","sea"],["sea","sea","sea","sea","life","air","sea","sea","sea","sea"],["sea","sea","sea","sea","sea","sea","sea","sea","sea","sea"]],"hint":"Figuring out how to make the worm on the bottom is the key.","id":"electric Eel","info":"Create 5 Electric Eels.","qc":false,"reqs":{"des":null,"ed":{},"el":{"electric Eel":5},"elat":null,"elim":[],"er":{},"mx":null,"mxf":null,"mxm":null,"pro":[],"rem":null,"sc":null,"stk":null,"tm":null},"rules":{"fp":false,"grav":true,"lev":0,"mode":"breakdown","opt":0,"pool":{"air":15,"earth":15,"fire":15,"water":15},"rm":{},"rows":0,"tt":60},"song":"Ghosts Of Edo"}
