{"grid":[[null,null,null,null,null,null,null,null,null,null],[null,null,null,null,null,null,null,null,null,null],[null,null,null,null,null,null,null,null,null,null],[null,null,null,null,null,null,null,null,null,null],[null,null,null,null,null,null,null,null,null,null],[null,null,null,null,null,null,null,null,null,null]],"hint":"Use hot elements to melt the ice. Ponds can be combined into rivers and lakes to make room and rearrange elements.","id":"fire and Ice","info":"Melt Ice 10 times.","qc":true,"reqs":{"des":null,"ed":{},"el":{"pond":10},"elat":null,"elim":[],"er":{},"mx":null,"mxf":null,"mxm":null,"pro":[],"rem":null,"sc":null,"stk":null,"tm":null},"rules":{"fp":false,"grav":false,"lev":0,"mode":"challenge","opt":0,"pool":{"air":2,"earth":2,"fire":2,"ice":4,"pond":0},"rm":{"ash":1,"blaze":1,"coal":1,"dust":1,"energy":1,"flame":1,"heat":1,"lake":1,"methane":1,"pond":1,"river":1,"sky":1,"slime":1,"sludge":1,"smoke":1,"spark":1,"sun":1},"rows":8,"tt":150},"song":"Ghosts Of Edo"}
