{"grid":[[null,null,null,null,null,null,null,null,null,null],[null,null,null,null,null,null,null,null,null,null],[null,null,null,null,null,null,null,null,null,null],[null,null,null,null,null,null,null,null,null,null],[null,null,null,null,null,null,null,null,null,null],[null,null,null,null,null,null,null,null,null,null]],"hint":"","id":"Fire and Ice","info":"","reqs":{"des":null,"ed":{},"el":{"pond":10},"er":{},"mx":null,"mxf":null,"mxm":null,"rem":null,"sc":null,"stk":null,"tm":null},"rules":{"fp":false,"grav":false,"lev":0,"mode":"challenge","opt":0,"pool":{"air":2,"earth":2,"fire":2,"ice":4,"pond":0},"rows":8,"tt":150},"song":null}
