{"grid":[[null,null,null,null,null,null,null,null,null,null],[null,null,null,null,null,null,null,null,null,null],[null,null,null,null,null,null,null,null,null,null],[null,null,null,null,null,null,null,null,null,null],[null,null,null,null,null,null,null,null,null,null],[null,null,null,null,null,null,null,null,null,null]],"hint":"With firery elements explosive can be forged.","id":"Fire Pit","info":"In the fire pits with blaze and lava falling from above. Reach a score of 5000.","reqs":{"des":null,"ed":{},"el":{},"mx":null,"mxf":null,"mxm":null,"rem":null,"sc":5000,"stk":null,"tm":null},"rules":{"grav":true,"lev":0,"mode":"challenge","opt":0,"pool":{"air":3,"blaze":1,"earth":7,"fire":7,"flame":3,"gravel":1,"magma":3,"methane":1,"smoke":3,"water":3},"rows":3,"tt":null},"song":"Ghosts Of Edo"}
