{"grid":[[null,null,null,null,null,null,null,null,null,null],[null,null,"air","fire","air","earth",null,null,null,null],[null,null,"fire","fire","fire","fire",null,null,null,null],[null,null,"fire","fire","fire","fire",null,null,null,null],[null,null,"air","fire","air","earth",null,null,null,null],[null,null,null,null,null,null,null,null,null,null]],"hint":"There are sometimes two ways to make the same element.","id":"flame","info":"Expand the power of fire.\nCreate 4 flames to\npass this test.","qc":false,"reqs":{"des":null,"ed":{},"el":{"flame":4},"elat":null,"elim":[],"er":{},"mx":null,"mxf":null,"mxm":null,"pro":[],"rem":null,"sc":null,"stk":null,"tm":null},"rules":{"fp":false,"grav":false,"lev":0,"mode":"build","opt":0,"pool":{"air":13,"earth":13,"fire":13,"water":13},"rm":{"dust":1,"energy":1,"flame":1,"heat":1,"spark":1},"rows":0,"tt":20},"song":"Winter Again"}
