{"grid":[[null,null,null,null,null,null,null,null,null,null],[null,null,"air","fire","air","earth",null,null,null,null],[null,null,"fire","fire","fire","fire",null,null,null,null],[null,null,"fire","fire","fire","fire",null,null,null,null],[null,null,"air","fire","air","earth",null,null,null,null],[null,null,null,null,null,null,null,null,null,null]],"hint":"There are sometimes two ways to make the same element.","id":"flame","info":"","reqs":{"des":null,"ed":{},"el":{"flame":4},"er":{},"mx":null,"mxf":null,"mxm":null,"rem":null,"sc":null,"stk":null,"tm":null},"rules":{"fp":false,"grav":false,"lev":0,"mode":"breakdown","opt":0,"pool":{"air":13,"earth":13,"fire":13,"water":13},"rows":0,"tt":20},"song":"Winter Again"}
