{"grid":[[null,null,null,null,null,null,"gravel","gravel","gravel","gravel"],[null,null,null,null,null,null,"soil","soil","gravel","gravel"],[null,null,null,null,null,null,"soil","soil","gravel","gravel"],[null,null,null,null,null,null,"soil","soil","gravel","gravel"],[null,null,null,null,null,null,"soil","soil","gravel","gravel"],[null,null,null,null,null,null,"gravel","gravel","gravel","gravel"]],"hint":"","id":"flowers","info":"Create 5 flowers","qc":true,"reqs":{"des":null,"ed":{},"el":{"flower":5},"elat":null,"elim":[],"er":{},"mx":null,"mxf":null,"mxm":null,"pro":[],"rem":null,"sc":null,"stk":null,"tm":300},"rules":{"fp":false,"grav":true,"lev":30,"mode":"challenge","opt":0,"pool":{"air":2,"earth":2,"fire":2,"fog":1,"pressure":1,"sky":1,"sun":1,"water":2},"rm":{},"rows":0,"tt":180},"song":null}
