{"grid":[[null,null,null,null,null,null,null,null,null,null],[null,null,null,null,"air","fire","fire",null,null,null],[null,null,null,"earth","air","fire","flame",null,null,null],[null,null,null,"music","water","earth","water",null,null,null],[null,null,null,null,"water","fire",null,null,null,null],[null,null,null,null,null,null,null,null,null,null]],"hint":"What element makes a bolder roll down hill - a hit song that's also a magazine.\nCombine with 3 elements to pass.","id":"Folk Rock","info":"Play the muscians favorite folk rock song.","qc":false,"reqs":{"des":null,"ed":{},"el":{},"elat":null,"elim":[],"er":{},"mx":null,"mxf":null,"mxm":null,"pro":[],"rem":1,"sc":null,"stk":null,"tm":null},"rules":{"fp":false,"grav":false,"lev":0,"mode":"build","opt":0,"pool":{"air":15,"earth":15,"fire":15,"water":15},"rm":{"energy":1,"gravel":1,"gravity":1,"mud":1,"pressure":1,"rock":1,"steam":1},"rows":0,"tt":null},"song":"Ruled My World"}
