{"grid":[[null,null,null,null,null,null,"ice","ice","ice","black Hole"],[null,null,null,null,null,null,"ice","ice","ice","ice"],[null,null,null,null,null,null,"time","time","time","time"],[null,null,null,null,null,null,"bomb","bomb","bomb","bomb"],[null,null,null,null,null,null,"flame","flame","flame","flame"],[null,null,null,null,null,null,null,null,null,"air"]],"hint":"","id":"freezeTest","info":"","qc":false,"reqs":{"des":null,"ed":{},"el":{},"elat":null,"elim":[],"er":{},"mx":1000,"mxf":null,"mxm":null,"pro":[],"rem":null,"sc":null,"stk":null,"tm":null},"rules":{"fp":false,"grav":false,"lev":0,"mode":"challenge","opt":0,"pool":{"air":13,"earth":13,"fire":13,"water":13},"rm":{},"rows":0,"tt":null},"song":null}
