{"grid":[[null,null,null,null,null,null,"gravel","gravel","gravel","gravel"],[null,null,null,null,"fire","fire","gravel","gravel","gravel","gravel"],[null,null,null,null,"air","air","gravel","gravel","gravel","gravel"],[null,null,null,null,"water","water","gravel","gravel","gravel","gravel"],[null,null,null,null,"fire","fire","gravel","gravel","gravel","gravel"],[null,null,null,null,null,null,"gravel","gravel","gravel","gravel"]],"hint":"Some elements have multiple ways to be created.","id":"geology","info":"Your first geology lesson is about Pressure and Rock. Create  pressure, and create rock, two times.","qc":false,"reqs":{"des":null,"ed":{},"el":{"rock":2},"elat":null,"elim":[],"er":{},"mx":null,"mxf":null,"mxm":null,"pro":[],"rem":null,"sc":null,"stk":null,"tm":null},"rules":{"fp":false,"grav":true,"lev":0,"mode":"build","opt":0,"pool":{"air":13,"earth":13,"fire":13,"water":13},"rm":{},"rows":0,"tt":null},"song":"A New Beginning"}
