{"grid":[[null,null,null,null,null,null,"gravel","gravel","gravel","gravel"],[null,null,null,null,"fire","fire","gravel","gravel","gravel","gravel"],[null,null,null,null,"air","air","gravel","gravel","gravel","gravel"],[null,null,null,null,"water","water","gravel","gravel","gravel","gravel"],[null,null,null,null,"fire","fire","gravel","gravel","gravel","gravel"],[null,null,null,null,null,null,"gravel","gravel","gravel","gravel"]],"hint":"Some elements have multiple ways to be created.","id":"geology","info":"Your first geology lesson is about Pressure and Rock. Create  pressure, and create rock.","reqs":{"des":null,"ed":{},"el":{"pressure":1,"rock":1},"er":{},"mx":null,"mxf":null,"mxm":null,"rem":null,"sc":null,"stk":null,"tm":null},"rules":{"fp":false,"grav":true,"lev":0,"mode":"breakdown","opt":0,"pool":{"air":13,"earth":13,"fire":13,"water":13},"rows":0,"tt":null},"song":"A New Beginning"}
