{"grid":[[null,null,null,null,"air","water","soil","soil","soil","soil"],[null,null,null,null,"air","water","soil","soil","soil","soil"],[null,null,null,null,"air","water","soil","soil","soil","soil"],[null,null,null,null,"air","water","soil","soil","soil","soil"],[null,null,null,null,"air","water","soil","soil","soil","soil"],[null,null,null,null,"air","water","soil","soil","soil","soil"]],"hint":"Grass comes from soil.","id":"grass","info":"Create Grass 6 times.","reqs":{"des":null,"ed":{},"el":{"grass":6},"er":{},"mx":null,"mxf":null,"mxm":null,"rem":null,"sc":null,"stk":null,"tm":300},"rules":{"fp":false,"grav":false,"lev":25,"mode":"challenge","opt":0,"pool":{"air":4,"clay":1,"death":1,"dew":2,"earth":8,"fire":4,"life":3,"mist":2,"sky":1,"soil":1,"water":4,"wind":1},"rows":0,"tt":180},"song":"What Have You"}
