{"grid":[[null,null,null,null,"mist","soil","rock","rock","river","rock"],[null,null,null,null,"mist","soil","rock","rock","river","rock"],[null,null,null,"dew","mist","soil","rock","rock","river","rock"],[null,null,null,"life","mist","soil","rock","rock","river","rock"],[null,null,null,null,"mist","soil","rock","rock","river","rock"],[null,null,null,null,"mist","soil","rock","rock","river","rock"]],"hint":"Grass comes from soil.","id":"grass","info":"Create Grass 6 times.","qc":true,"reqs":{"des":null,"ed":{},"el":{"grass":6},"elat":null,"elim":[],"er":{},"mx":null,"mxf":null,"mxm":null,"pro":[],"rem":null,"sc":null,"stk":null,"tm":300},"rules":{"fp":false,"grav":false,"lev":25,"mode":"challenge","opt":0,"pool":{"air":4,"dew":2,"earth":8,"fire":4,"life":3,"mist":2,"soil":1,"water":4},"rm":{},"rows":0,"tt":180},"song":"What Have You"}
