{"grid":[[null,null,null,null,null,"soil","soil","soil","soil","soil"],[null,null,null,null,null,"soil","soil","soil","soil","soil"],[null,null,null,null,null,"soil","soil","soil","soil","soil"],[null,null,null,null,null,"soil","soil","soil","soil","soil"],[null,null,null,null,null,"soil","soil","soil","soil","soil"],[null,null,null,null,null,"soil","soil","soil","soil","soil"]],"hint":"How many walls?","id":"house","info":"Make a house.","qc":true,"reqs":{"des":null,"ed":{},"el":{"house":1},"elat":null,"elim":[],"er":{},"mx":null,"mxf":null,"mxm":null,"pro":[],"rem":null,"sc":null,"stk":null,"tm":null},"rules":{"fp":false,"grav":true,"lev":30,"mode":"challenge","opt":0,"pool":{"air":2,"earth":4,"energy":1,"fire":2,"sky":1,"water":2},"rm":{"brick":1,"city":1,"clay":1,"energy":1,"heat":1,"house":1,"mud":1,"sky":1,"sun":1,"town":1,"village":1,"wall":1},"rows":0,"tt":240},"song":"A New Beginning"}
