{"grid":[[null,null,null,null,null,"soil","soil","soil","soil","soil"],[null,null,null,null,null,"soil","soil","soil","soil","soil"],[null,null,null,null,null,"soil","soil","soil","soil","soil"],[null,null,null,null,null,"soil","soil","soil","soil","soil"],[null,null,null,null,null,"soil","soil","soil","soil","soil"],[null,null,null,null,null,"soil","soil","soil","soil","soil"]],"hint":"How many walls?","id":"house","info":"Make a house.","reqs":{"des":null,"ed":{},"el":{"house":1},"er":{},"mx":null,"mxf":null,"mxm":null,"rem":null,"sc":null,"stk":null,"tm":null},"rules":{"fp":false,"grav":true,"lev":30,"mode":"challenge","opt":0,"pool":{"air":2,"earth":4,"energy":1,"fire":2,"sky":1,"water":2},"rows":0,"tt":240},"song":"A New Beginning"}
