{"grid":[["tundra","tundra","tundra","tundra","tundra","tundra","tundra","tundra","tundra","tundra"],["tundra","tundra","air","tundra","water","water","air","tundra","tundra","tundra"],["tundra","tundra","water","water","water","tundra","water","tundra","tundra","tundra"],["tundra","tundra","water","water","tundra","water","water","tundra","tundra","tundra"],["tundra","tundra","air","tundra","water","water","air","tundra","tundra","tundra"],["tundra","tundra","tundra","tundra","tundra","tundra","tundra","tundra","tundra","tundra"]],"hint":"","id":"ice","info":"Make Ice 4 times.","reqs":{"des":null,"ed":{},"el":{"ice":4},"er":{},"mx":null,"mxf":null,"mxm":null,"rem":null,"sc":null,"stk":null,"tm":null},"rules":{"fp":false,"grav":true,"lev":0,"mode":"breakdown","opt":0,"pool":{"air":13,"earth":13,"fire":13,"tundra":1,"water":13},"rows":0,"tt":null},"song":"Tokyo"}
