{"grid":[["tundra","tundra","tundra","tundra","tundra","tundra","tundra","tundra","tundra","tundra"],["tundra","tundra","air","tundra","water","water","air","tundra","tundra","tundra"],["tundra","tundra","water","tundra","water","tundra","water","water","tundra","tundra"],["tundra","tundra","water","water","tundra","water","water","tundra","tundra","tundra"],["tundra","tundra","air","tundra","water","water","air","tundra","tundra","tundra"],["tundra","tundra","tundra","tundra","tundra","tundra","tundra","tundra","tundra","tundra"]],"hint":"","id":"ice","info":"Make Ice 4 times.","qc":false,"reqs":{"des":null,"ed":{},"el":{"ice":4},"elat":null,"elim":[],"er":{},"mx":null,"mxf":null,"mxm":null,"pro":[],"rem":null,"sc":null,"stk":null,"tm":null},"rules":{"fp":false,"grav":true,"lev":0,"mode":"breakdown","opt":0,"pool":{"air":13,"earth":13,"fire":13,"tundra":1,"water":13},"rm":{"frost":1,"ice":1,"mist":1},"rows":0,"tt":null},"song":"Tokyo"}
