{"grid":[["metal","metal","metal","metal","metal","metal","metal","metal","metal","metal"],["metal","pressure","dust","air","fire","rock","fire","fire","heat","metal"],["metal","heat","air","fire","rock","fire","water","coal","fire","metal"],["metal","air","fire","rock","fire","water","coal","coal","fire","metal"],["metal","water","rock","fire","water","coal","fire","fire","fire","metal"],["metal","metal","metal","metal","metal","metal","metal","metal","metal","metal"]],"hint":"Rock forms into ore.","id":"metal","info":"Create metal 4 times before the time limit.","qc":true,"reqs":{"des":null,"ed":{},"el":{"metal":4},"elat":null,"elim":[],"er":{},"mx":null,"mxf":null,"mxm":null,"pro":[],"rem":null,"sc":null,"stk":null,"tm":180},"rules":{"fp":false,"grav":true,"lev":0,"mode":"breakdown","opt":0,"pool":{"air":15,"earth":15,"fire":15,"water":15},"rm":{"blaze":1,"dust":1,"energy":1,"flame":1,"heat":1,"metal":1,"ore":1,"pressure":1,"spark":1,"steam":1},"rows":0,"tt":120},"song":"Ruled My World"}
