{"grid":[[null,null,null,null,null,"pressure","rock","rock","rock","rock"],[null,"water","fire","water","air","ash","rock","rock","rock","rock"],["pressure","water","fire","water","fire","ash","rock","rock","rock","rock"],["pressure","fire","air","fire","fire","ash","rock","rock","rock","rock"],[null,"fire","air","fire","air","ash","rock","rock","rock","rock"],[null,null,null,null,null,"pressure","rock","rock","rock","rock"]],"hint":"","id":"methane","info":"Make methane 4 times","qc":false,"reqs":{"des":null,"ed":{},"el":{"methane":4},"elat":null,"elim":[],"er":{},"mx":null,"mxf":null,"mxm":null,"pro":[],"rem":null,"sc":null,"stk":null,"tm":null},"rules":{"fp":false,"grav":true,"lev":0,"mode":"build","opt":0,"pool":{"air":13,"earth":13,"fire":13,"water":13},"rm":{},"rows":0,"tt":null},"song":"A New Beginning"}
