{"grid":[[null,null,null,null,null,"rock","rock","rock","rock","rock"],[null,null,null,null,null,"rock","rock","rock","rock","rock"],[null,null,null,null,null,"rock","rock","rock","rock","rock"],[null,null,null,null,null,"rock","rock","rock","rock","rock"],[null,null,null,null,null,"rock","rock","rock","rock","rock"],[null,null,null,null,null,"rock","rock","rock","rock","rock"]],"hint":"Methane comes from coal","id":"methane","info":"Learn to make methane and create it 10 times.","reqs":{"des":null,"ed":{},"el":{"methane":10},"er":{},"mx":null,"mxf":null,"mxm":null,"rem":null,"sc":null,"stk":null,"tm":null},"rules":{"fp":false,"grav":false,"lev":25,"mode":"challenge","opt":0,"pool":{"air":8,"coal":8,"fire":16,"pressure":1,"spark":2,"water":8},"rows":0,"tt":180},"song":"Winter Again"}
