{"grid":[[null,null,null,null,null,"rock","rock","rock","rock","rock"],[null,null,null,null,null,"rock","rock","rock","rock","rock"],[null,null,null,null,null,"rock","rock","rock","rock","rock"],[null,null,null,null,null,"rock","rock","rock","rock","rock"],[null,null,null,null,null,"rock","rock","rock","rock","rock"],[null,null,null,null,null,"rock","rock","rock","rock","rock"]],"hint":"Methane comes from coal","id":"methane","info":"Learn to make methane and create it 10 times.","qc":false,"reqs":{"des":null,"ed":{},"el":{"methane":10},"elat":null,"elim":[],"er":{},"mx":null,"mxf":null,"mxm":null,"pro":[],"rem":null,"sc":null,"stk":null,"tm":240},"rules":{"fp":false,"grav":false,"lev":25,"mode":"challenge","opt":0,"pool":{"air":8,"coal":8,"fire":16,"pressure":1,"spark":2,"water":8},"rm":{},"rows":0,"tt":180},"song":"Winter Again"}
