{"grid":[[null,null,null,null,null,"rock","rock","rock","rock","rock"],[null,null,"dew","rock","rock","rock","plasma","water","rock","rock"],[null,null,"water","rock","air","earth","water","rock","earth","rock"],[null,"air","rock","earth","air","water","earth","fire","rock","rock"],[null,"fire","rock","earth","air","earth","water","rock","air","rock"],[null,"rock","rock","rock","rock","rock","plasma","rock","earth","rock"]],"hint":"Make life with plasma to control where the element ends up.","id":"moss","info":"Create moss 4 times.","qc":false,"reqs":{"des":null,"ed":{},"el":{"moss":4},"elat":null,"elim":[],"er":{},"mx":null,"mxf":null,"mxm":null,"pro":[],"rem":null,"sc":null,"stk":null,"tm":null},"rules":{"fp":false,"grav":true,"lev":0,"mode":"breakdown","opt":0,"pool":{"air":15,"earth":15,"fire":15,"water":15},"rm":{"dew":1,"energy":1,"life":1,"mist":1,"moss":1,"plasma":1},"rows":0,"tt":120},"song":"In The Lab"}
