{"grid":[[null,null,null,null,null,"tree","soil","soil","soil","soil"],[null,null,null,null,null,"rock","soil","soil","soil","soil"],[null,null,null,null,null,"rock","soil","soil","soil","soil"],[null,null,null,null,null,"rock","soil","soil","soil","soil"],[null,null,null,null,null,"rock","soil","soil","soil","soil"],[null,null,null,null,null,"tree","soil","soil","soil","soil"]],"hint":"Mountain is a combo of 4.","id":"mountain","info":"Create 7 mountains.","qc":true,"reqs":{"des":null,"ed":{},"el":{"mountain":7},"elat":null,"elim":[],"er":{},"mx":null,"mxf":null,"mxm":null,"pro":[],"rem":null,"sc":null,"stk":null,"tm":null},"rules":{"fp":false,"grav":true,"lev":40,"mode":"challenge","opt":0,"pool":{"air":1,"earth":1,"fire":2,"flame":1,"gravel":1,"pressure":1,"rock":1,"water":2},"rm":{"blaze":1,"energy":1,"flame":1,"gravel":1,"heat":1,"mountain":1,"mud":1,"pressure":1,"rock":1,"spark":1,"steam":1},"rows":0,"tt":180},"song":"Gameboy"}
