{"grid":[[null,null,null,null,null,null,null,null,null,null],[null,null,null,null,null,null,null,null,null,null],[null,null,null,null,"air","water",null,null,null,null],[null,null,null,null,"fire","earth",null,null,null,null],[null,null,null,null,null,null,null,null,null,null],[null,null,null,null,null,null,null,null,null,null]],"hint":"Mix Water and Earth","id":"mud","info":"Make Mud from Water and Earth","reqs":{"des":null,"ed":{},"el":{"mud":1},"er":{},"mx":null,"mxf":null,"mxm":null,"rem":null,"sc":null,"stk":null,"tm":null},"rules":{"fp":false,"grav":false,"lev":0,"mode":"build","opt":0,"pool":{},"rows":3,"tt":null},"song":"In The Lab"}
