{"grid":[[null,null,null,null,null,null,null,null,null,null],[null,null,null,"air","air",null,null,null,null,null],[null,null,null,"air","earth","air",null,null,null,null],[null,null,null,"fire","water","fire",null,null,null,null],[null,null,null,null,"fire",null,null,null,null,null],[null,null,null,null,null,null,null,null,null,null]],"hint":"What force can elevate sound to the next level?","id":"music","info":"Use your knowlege of sound to create music.","qc":false,"reqs":{"des":null,"ed":{},"el":{"music":1},"elat":null,"elim":[],"er":{},"mx":null,"mxf":null,"mxm":null,"pro":[],"rem":null,"sc":null,"stk":null,"tm":null},"rules":{"fp":false,"grav":false,"lev":0,"mode":"build","opt":0,"pool":{"air":15,"earth":15,"fire":15,"water":15},"rm":{"energy":1,"life":1,"music":1,"plasma":1,"pressure":1,"sound":1,"steam":1},"rows":0,"tt":null},"song":null}
