{"grid":[[null,null,null,null,null,null,null,null,null,null],[null,null,null,null,null,null,null,null,null,null],[null,null,null,null,null,null,null,null,null,null],[null,null,null,null,null,null,null,null,null,null],[null,null,null,null,null,null,null,null,null,null],[null,null,null,null,null,null,null,null,null,null]],"hint":"Studies show eastern medicine is actually the most effective. ","id":"pandemic","info":"The virus has arrived!\n\nDestroy 10 virus to survive.","qc":true,"reqs":{"des":null,"ed":{"virus":10},"el":{},"elat":null,"elim":[],"er":{},"mx":null,"mxf":null,"mxm":null,"pro":[],"rem":null,"sc":null,"stk":null,"tm":null},"rules":{"fp":true,"grav":false,"lev":50,"mode":"challenge","opt":0,"pool":{"air":72,"earth":36,"energy":5,"fire":54,"life":5,"virus":20,"water":36},"rm":{"alcohol":1,"bacteria":1,"dew":1,"energy":1,"grass":1,"heat":1,"life":1,"mist":1,"moss":1,"plasma":1,"pond":1,"qi":1,"sky":1,"slime":1,"soil":1,"sugar":1,"sun":1,"virus":1,"yeast":1},"rows":5,"tt":180},"song":"Feel The Burn"}
