{"grid":[[null,null,null,null,null,null,null,null,null,null],[null,null,null,null,null,null,null,null,null,null],[null,null,null,null,null,null,null,null,null,null],[null,null,null,null,null,null,null,null,null,null],[null,null,null,null,null,null,null,null,null,null],[null,null,null,null,null,null,null,null,null,null]],"hint":"Life force is the secret weapon.","id":"pandemic","info":"The virus has arrived!\n\nStudies show, Eastern medicine is the secret to fight it.\n\nDestroy 10 virus to survive.","reqs":{"des":null,"ed":{"virus":10},"el":{},"er":{},"mx":null,"mxf":null,"mxm":null,"rem":null,"sc":null,"stk":null,"tm":null},"rules":{"fp":true,"grav":false,"lev":50,"mode":"challenge","opt":0,"pool":{"air":72,"earth":36,"energy":5,"fire":54,"life":5,"virus":20,"water":36},"rows":5,"tt":180},"song":"Feel The Burn"}
