{"grid":[["fire","fire","earth","earth","air","air","water","air","water","water",null,null,null,null,null,null,null,null,null,null,null,null,null,null,null,null,null,null,null,null,null,null,null,null,null,null,null,null,null,null],["water","water","air","water","air","earth","water","earth","water","water",null,null,null,null,null,null,null,null,null,null,null,null,null,null,null,null,null,null,null,null,null,null,null,null,null,null,null,null,null,null],["water","earth","air","fire","water","fire","water","fire","earth","air",null,null,null,null,null,null,null,null,null,null,null,null,null,null,null,null,null,null,null,null,null,null,null,null,null,null,null,null,null,null],["earth","air","fire","earth","earth","air","fire","air","water","air",null,null,null,null,null,null,null,null,null,null,null,null,null,null,null,null,null,null,null,null,null,null,null,null,null,null,null,null,null,null],["earth","fire","earth","air","air","fire","earth","fire","fire","fire",null,null,null,null,null,null,null,null,null,null,null,null,null,null,null,null,null,null,null,null,null,null,null,null,null,null,null,null,null,null],["earth","fire","water","earth","air","water","water","air","air","earth",null,null,null,null,null,null,null,null,null,null,null,null,null,null,null,null,null,null,null,null,null,null,null,null,null,null,null,null,null,null],[],[],[],[],[],[],[],[],[],[],[],[],[],[],[],[],[],[]],"hint":"","id":"planet","info":"Create the Planet","qc":false,"reqs":{"des":null,"ed":{},"el":{"planet":1},"elat":null,"elim":[],"er":{},"mx":null,"mxf":null,"mxm":null,"pro":[],"rem":null,"sc":null,"stk":null,"tm":null},"rules":{"fp":false,"grav":true,"lev":0,"mode":"build","opt":0,"pool":{},"rm":{},"rows":0,"tt":null},"song":null}
