{"grid":[[null,null,"marble","marble",null,null,null,null,null,"marble"],[null,null,null,"water","marble",null,null,null,"marble","marble"],[null,null,null,"water","water","marble","marble","marble","marble","marble"],[null,null,null,"water","water","marble","marble","marble","marble","marble"],[null,null,null,"water","marble",null,null,null,"marble","marble"],[null,null,"marble","marble",null,null,null,null,null,"marble"]],"hint":"Mix water and water.","id":"pond","info":"Water combines to make bodies of water.\n\nMake 3 ponds.","reqs":{"des":null,"ed":{},"el":{"pond":3},"er":{},"mx":null,"mxf":null,"mxm":null,"rem":null,"sc":null,"stk":null,"tm":null},"rules":{"fp":false,"grav":false,"lev":0,"mode":"build","opt":0,"pool":{},"rows":3,"tt":null},"song":"A New Beginning"}
