{"grid":[[null,null,null,null,null,null,null,null,null,null],[null,null,null,"fire","earth","water","air",null,null,null],[null,null,null,"air","water","earth","fire",null,null,null],[null,null,null,"fire","earth","water","air",null,null,null],[null,null,null,"air","water","earth","fire",null,null,null],[null,null,null,null,null,null,null,null,null,null]],"hint":"Qi is the life force that runs through all living things. Something must be added to life.","id":"qi","info":"Now, I will teach you the secret of creating Qi. Remeber what you learned in the temple.","reqs":{"des":null,"ed":{},"el":{"qi":1},"mx":null,"mxf":null,"mxm":null,"rem":null,"sc":null,"stk":null,"tm":null},"rules":{"grav":false,"lev":0,"mode":"breakdown","opt":0,"pool":{},"rows":3,"tt":10},"song":"Tokyo"}
