{"grid":[[null,null,null,null,null,null,null,null,null,null],[null,null,null,"fire","earth","water","air",null,null,null],[null,null,null,"air","water","earth","fire",null,null,null],[null,null,null,"fire","earth","water","air",null,null,null],[null,null,null,"air","water","earth","fire",null,null,null],[null,null,null,null,null,null,null,null,null,null]],"hint":"Qi is the life force that runs through all living things. Something must be added to life.","id":"qi","info":"Now, I will teach you the secret of creating Qi. Remeber what you learned in the temple.","qc":false,"reqs":{"des":null,"ed":{},"el":{"qi":1},"elat":null,"elim":[],"er":{},"mx":null,"mxf":null,"mxm":null,"pro":[],"rem":null,"sc":null,"stk":null,"tm":null},"rules":{"fp":false,"grav":false,"lev":0,"mode":"build","opt":0,"pool":{"air":15,"earth":15,"fire":15,"water":15},"rm":{"energy":1,"life":1,"plasma":1,"qi":1},"rows":3,"tt":null},"song":"Tokyo"}
