{"grid":[[null,null,null,null,null,null,null,null,null,"grass"],["wind","fire","water","sun","water","energy","water","fire","wind","grass"],["energy","fire","pressure","air","cloud","air","fire","air","air","grass"],[null,"air","air","sky","cloud","cloud","fire","air","fire","grass"],[null,"air","water","steam","steam","water","fire",null,null,"grass"],[null,null,null,null,null,null,null,null,null,"grass"]],"hint":"","id":"rainbow","info":"Create 4 rainbows.","qc":false,"reqs":{"des":null,"ed":{},"el":{"rainbow":4},"elat":null,"elim":[],"er":{},"mx":null,"mxf":null,"mxm":null,"pro":[],"rem":null,"sc":null,"stk":null,"tm":null},"rules":{"fp":false,"grav":false,"lev":0,"mode":"breakdown","opt":0,"pool":{"air":15,"earth":15,"fire":15,"water":15},"rm":{"cloud":1,"double Rainbow":1,"energy":1,"mist":1,"pressure":1,"rain":1,"rainbow":1,"sky":1,"steam":1,"sun":1},"rows":0,"tt":90},"song":"Winter Again"}
