{"grid":[["double Rainbow","double Rainbow","double Rainbow","double Rainbow","double Rainbow","double Rainbow","double Rainbow","grass","soil","rock"],["double Rainbow","fire","mist","sky","water","double Rainbow","double Rainbow","grass","soil","rock"],["fire","steam","mist","water","air","cloud","pressure","grass","soil","rock"],["mist","cloud","water","fire","fire","air","double Rainbow","grass","soil","rock"],["fire","sky","steam","cloud","steam","sky","double Rainbow","grass","soil","rock"],["double Rainbow","double Rainbow","double Rainbow","double Rainbow","double Rainbow","double Rainbow","double Rainbow","grass","soil","rock"]],"hint":"","id":"rain","info":"Make rain 5 times.","qc":false,"reqs":{"des":null,"ed":{},"el":{"rain":5},"elat":null,"elim":[],"er":{},"mx":null,"mxf":null,"mxm":null,"pro":[],"rem":null,"sc":null,"stk":null,"tm":null},"rules":{"fp":false,"grav":true,"lev":0,"mode":"breakdown","opt":0,"pool":{"air":15,"earth":15,"fire":15,"water":15},"rm":{"cloud":1,"energy":1,"fog":1,"pressure":1,"rain":1,"sky":1,"steam":1},"rows":0,"tt":null},"song":"Winter Again"}
