{"grid":[[null,null,null,null,null,"grass","soil","rock","rock","rock"],[null,null,null,null,null,"grass","soil","rock","rock","rock"],[null,null,null,null,null,null,null,"rock","ether","ether"],[null,null,null,null,null,null,null,"rock","ether","ether"],[null,null,null,null,null,"grass","soil","rock","rock","rock"],[null,null,null,null,null,"grass","soil","rock","rock","rock"]],"hint":"","id":"rock wall","info":"","qc":false,"reqs":{"des":null,"ed":{},"el":{},"elat":null,"elim":[],"er":{},"mx":null,"mxf":null,"mxm":null,"pro":[],"rem":null,"sc":null,"stk":null,"tm":null},"rules":{"fp":false,"grav":false,"lev":0,"mode":"build","opt":0,"pool":{"air":2,"earth":2,"fire":2,"water":2},"rm":{},"rows":0,"tt":null},"song":null}
