{"grid":[[null,null,null,null,null,null,null,null,null,null],[null,"air","cloud","cloud","wind","air","lightning",null,"air",null],["air","cloud","air","air","wind","wind","cloud","cloud","cloud",null],["air","cloud","cloud","cloud","wind","lightning","air","cloud","cloud",null],["cloud","cloud","cloud","air","wind","cloud",null,null,"air",null],[null,null,null,null,null,null,null,null,null,null]],"hint":"","id":"sky","info":"Make sky five times.","qc":false,"reqs":{"des":null,"ed":{},"el":{"sky":5},"elat":null,"elim":[],"er":{},"mx":null,"mxf":null,"mxm":null,"pro":[],"rem":null,"sc":null,"stk":null,"tm":null},"rules":{"fp":false,"grav":false,"lev":0,"mode":"breakdown","opt":0,"pool":{},"rm":{},"rows":0,"tt":null},"song":"In The Lab"}
