{"grid":[[null,null,null,null,null,null,null,null,null,null],[null,"air","cloud",null,"wind","air","lightning",null,"air",null],["air","cloud","air","air","cloud","wind","cloud","cloud","cloud",null],["air","cloud","cloud","cloud","wind","lightning","air","cloud","cloud",null],[null,"cloud","cloud","air","wind","cloud",null,null,"air",null],[null,null,null,null,null,null,null,null,null,null]],"hint":"Wind can moves elements.","id":"sky","info":"Make sky five times.","qc":true,"reqs":{"des":null,"ed":{},"el":{"sky":5},"elat":null,"elim":[],"er":{},"mx":null,"mxf":null,"mxm":null,"pro":[],"rem":null,"sc":null,"stk":null,"tm":null},"rules":{"fp":false,"grav":false,"lev":0,"mode":"breakdown","opt":0,"pool":{"air":15,"earth":15,"fire":15,"water":15},"rm":{},"rows":0,"tt":30},"song":"In The Lab"}
