{"grid":[[null,null,null,null,"swamp","swamp","swamp","swamp","swamp","swamp"],[null,null,null,null,"earth","plasma","water","earth","swamp","swamp"],[null,null,"water","earth","life","clay","earth","water","swamp","swamp"],[null,null,"water","water","slime","earth","water","earth","swamp","swamp"],[null,null,null,"fire","air","water","earth","earth","swamp","swamp"],[null,null,null,null,"swamp","swamp","swamp","swamp","swamp","swamp"]],"hint":"","id":"slug","info":"","qc":false,"reqs":{"des":null,"ed":{},"el":{"slug":3},"elat":null,"elim":[],"er":{},"mx":null,"mxf":null,"mxm":null,"pro":[],"rem":null,"sc":null,"stk":null,"tm":null},"rules":{"fp":false,"grav":false,"lev":0,"mode":"build","opt":0,"pool":{"air":15,"earth":15,"fire":15,"water":15},"rm":{},"rows":0,"tt":null},"song":null}
