{"grid":[[null,null,null,null,"water","earth","earth","earth","rock","rock"],[null,null,"fire","air","water","earth","earth","earth","rock","rock"],[null,null,"fire","air","water","earth","earth","earth","rock","rock"],[null,null,"fire","air","earth","earth","earth","earth","rock","rock"],[null,null,"fire","air","earth","earth","earth","earth","rock","rock"],[null,null,null,null,"earth","earth","earth","earth","rock","rock"]],"hint":"Soil is earth embeded with the life force that sustain plants.","id":"soil","info":"The ground here is not fertile. If only you could manifest Soil.","qc":false,"reqs":{"des":null,"ed":{},"el":{"soil":1},"elat":null,"elim":[],"er":{},"mx":null,"mxf":null,"mxm":null,"pro":[],"rem":null,"sc":null,"stk":null,"tm":null},"rules":{"fp":false,"grav":true,"lev":0,"mode":"build","opt":0,"pool":{"air":13,"earth":13,"fire":13,"water":13},"rm":{},"rows":3,"tt":null},"song":"Ghosts Of Edo"}
