{"grid":[[null,null,null,null,"water","earth","earth","earth","rock","rock"],[null,null,"fire","air","water","earth","earth","earth","rock","rock"],[null,null,"fire","air","water","earth","earth","earth","rock","rock"],[null,null,"fire","air","earth","earth","earth","earth","rock","rock"],[null,null,"fire","air","earth","earth","earth","earth","rock","rock"],[null,null,null,null,"earth","earth","earth","earth","rock","rock"]],"hint":"Soil is earth embeded with the lifeforce that sustain plants.","id":"soil","info":"The ground here is not fertile. If only you could manifest Soil.","reqs":{"des":null,"ed":{},"el":{"soil":1},"er":{},"mx":null,"mxf":null,"mxm":null,"rem":null,"sc":null,"stk":null,"tm":null},"rules":{"fp":false,"grav":true,"lev":0,"mode":"breakdown","opt":0,"pool":{"air":13,"earth":13,"fire":13,"water":13},"rows":3,"tt":null},"song":"Ghosts Of Edo"}
