{"grid":[[null,null,null,null,null,null,null,null,null,null],[null,null,null,"air","water","fire","air","air",null,null],[null,null,"air","fire","air","fire","air","fire",null,null],[null,null,"steam","water","air","air","fire","fire",null,null],[null,null,null,null,null,"water","fire",null,null,null],[null,null,null,null,null,null,null,null,null,null]],"hint":"Sound comes from pressure.","id":"sound","info":"Create sound 4 times.","qc":false,"reqs":{"des":null,"ed":{},"el":{"sound":4},"elat":null,"elim":[],"er":{},"mx":null,"mxf":null,"mxm":null,"pro":[],"rem":null,"sc":null,"stk":null,"tm":null},"rules":{"fp":false,"grav":false,"lev":0,"mode":"build","opt":0,"pool":{"air":15,"earth":15,"fire":15,"water":15},"rm":{"energy":1,"pressure":1,"sound":1,"steam":1},"rows":0,"tt":null},"song":"A New Beginning"}
