{"grid":[["mountain","mountain","mountain","mountain","mountain","mountain","mountain","mountain","mountain","mountain"],["mountain","air","rock","water","fire","tree","tree","tree","tree","mountain"],["mountain","tree","air","tree","rock","fire","tree","earth","air","mountain"],["mountain","tree","tree","earth","rock","air","rock","rock","air","mountain"],["mountain","tree","tree","energy","rock","fire","rock","air","dust","mountain"],["mountain","tree","tree","tree","tree","rock","mountain","mountain","mountain","mountain"]],"hint":"You will have to make mountains.","id":"static","info":"Create static 4 times. ","qc":true,"reqs":{"des":null,"ed":{},"el":{"static":4},"elat":null,"elim":[],"er":{},"mx":null,"mxf":null,"mxm":null,"pro":[],"rem":null,"sc":null,"stk":null,"tm":null},"rules":{"fp":false,"grav":true,"lev":0,"mode":"build","opt":0,"pool":{"air":15,"earth":15,"fire":15,"water":15},"rm":{"dust":1,"energy":1,"mist":1,"mountain":1,"static":1},"rows":0,"tt":null},"song":"A New Beginning"}
