{"grid":[[null,null,null,null,null,null,null,null,null,null],[null,null,null,null,null,null,null,null,null,null],[null,null,null,null,"air","water",null,null,null,null],[null,null,null,null,"fire","earth",null,null,null,null],[null,null,null,null,null,null,null,null,null,null],[null,null,null,null,null,null,null,null,null,null]],"hint":"Mix Water and Fire","id":"steam","info":"Make Steam from Water and Fire","reqs":{"des":null,"ed":{},"el":{"steam":1},"er":{},"mx":null,"mxf":null,"mxm":null,"rem":null,"sc":null,"stk":null,"tm":null},"rules":{"fp":false,"grav":false,"lev":0,"mode":"build","opt":0,"pool":{},"rows":3,"tt":null},"song":"In The Lab"}
