{"grid":[[null,null,null,null,null,"grass","soil","soil","soil","soil"],[null,null,null,null,null,"grass","soil","soil","soil","soil"],[null,null,null,null,null,"grass","soil","soil","soil","soil"],[null,null,null,null,null,"grass","soil","soil","soil","soil"],[null,null,null,null,null,"grass","soil","soil","soil","soil"],[null,null,null,null,null,"grass","soil","soil","soil","soil"]],"hint":"Sugar can be made from grass.","id":"sugar","info":"Discover how to make sugar, and create it 5 times.","reqs":{"des":null,"ed":{},"el":{"sugar":5},"er":{},"mx":null,"mxf":null,"mxm":null,"rem":null,"sc":null,"stk":null,"tm":null},"rules":{"fp":false,"grav":false,"lev":40,"mode":"challenge","opt":0,"pool":{"air":8,"energy":1,"fire":8,"fog":1,"sky":1},"rows":0,"tt":60},"song":"In The Lab"}
