{"grid":[["fire","air","fire","fire","air","water","soil","soil","soil","rock"],["air","water","air","air","air","air","earth","soil","soil","rock"],["fire","air","fire","fire","fire","fire","earth","heat","soil","rock"],["fire","air","water","water","water","water","earth","grass","soil","rock"],["air","water","earth","earth","earth","earth","earth","soil","soil","rock"],["fire","air","fire","fire","air","water","soil","soil","soil","rock"]],"hint":"","id":"sugar","info":"Make sugar 5 times.","qc":true,"reqs":{"des":null,"ed":{},"el":{"sugar":5},"elat":null,"elim":[],"er":{},"mx":null,"mxf":null,"mxm":null,"pro":[],"rem":null,"sc":null,"stk":null,"tm":300},"rules":{"fp":false,"grav":true,"lev":0,"mode":"breakdown","opt":0,"pool":{"air":15,"earth":15,"fire":15,"water":15},"rm":{"dew":1,"energy":1,"grass":1,"heat":1,"life":1,"mist":1,"moss":1,"plasma":1,"sugar":1},"rows":0,"tt":null},"song":"What Have You"}
