{"grid":[["rock","rock","rock","rock","rock","rock","rock","rock","rock","rock"],["rock","water","rock","water","earth","water","earth","water","water","rock"],["earth","water","water","rock","water","water","earth","rock","water","rock"],["earth","water","water","water","water","earth","water","water","water","rock"],["rock","rock","water","earth","water","rock","rock","water","earth","rock"],["rock","rock","rock","rock","rock","rock","rock","rock","rock","rock"]],"hint":"","id":"swamp","info":"","qc":false,"reqs":{"des":null,"ed":{},"el":{"swamp":4},"elat":null,"elim":[],"er":{},"mx":null,"mxf":null,"mxm":null,"pro":[],"rem":null,"sc":null,"stk":null,"tm":null},"rules":{"fp":false,"grav":false,"lev":0,"mode":"build","opt":0,"pool":{"air":15,"earth":15,"fire":15,"water":15},"rm":{},"rows":0,"tt":null},"song":null}
