{"grid":[[null,null,null,null,null,null,null,"earth","fire","wall"],[null,null,null,null,null,null,null,null,null,"wall"],[null,null,null,null,null,null,null,null,null,"wall"],[null,null,null,null,null,null,null,null,null,"wall"],[null,null,null,null,null,null,null,null,null,"wall"],[null,null,null,null,null,null,null,null,null,"wall"]],"hint":"","id":"Tear Down The Wall","info":"Destroy the walls","qc":false,"reqs":{"des":null,"ed":{"wall":6},"el":{},"elat":null,"elim":[],"er":{},"mx":null,"mxf":null,"mxm":null,"pro":[],"rem":null,"sc":null,"stk":null,"tm":null},"rules":{"fp":false,"grav":false,"lev":50,"mode":"build","opt":0,"pool":{"air":2,"earth":2,"fire":2,"pressure":1,"smoke":1,"water":1},"rm":{},"rows":3,"tt":null},"song":null}
