{"grid":[[null,null,null,null,null,null,null,null,null,null],[null,null,null,null,null,"fire",null,null,null,null],[null,null,null,"fire","air","earth","air",null,null,null],[null,null,null,"fire","air","earth","air",null,null,null],[null,null,null,null,null,"fire",null,null,null,null],[null,null,null,null,null,null,null,null,null,null]],"hint":"You will need to first create pressure.","id":"time","info":"Learn to make Time.","qc":false,"reqs":{"des":null,"ed":{},"el":{"time":1},"elat":null,"elim":[],"er":{},"mx":null,"mxf":null,"mxm":null,"pro":[],"rem":null,"sc":null,"stk":null,"tm":null},"rules":{"fp":false,"grav":false,"lev":0,"mode":"build","opt":0,"pool":{"air":13,"earth":13,"fire":13,"water":13},"rm":{"gravity":1,"pressure":1,"time":1},"rows":0,"tt":null},"song":"In The Lab"}
