{"grid":[[null,"fire","moon","moon","moon","moon","moon","moon","moon","moon"],[null,"earth","moon","moon","moon","moon","blaze","moon","moon","moon"],["earth","earth","moon","moon","moon","methane","moon","moon","moon","moon"],[null,"earth","moon","moon","moon","moon","flame","moon","moon","moon"],[null,"air","moon","moon","moon","moon","moon","moon","moon","moon"],[null,"water","fire","moon","moon","earth","moon","fire","moon","earth"]],"hint":"","id":"tntTest","info":"","reqs":{"des":100,"ed":{},"el":{},"er":{},"mx":null,"mxf":null,"mxm":null,"rem":null,"sc":null,"stk":10,"tm":null},"rules":{"fp":false,"grav":false,"lev":33,"mode":"challenge","opt":0,"pool":{"air":13,"earth":13,"fire":13,"water":13},"rows":0,"tt":null},"song":null}
