{"grid":[[null,null,null,null,null,null,null,null,"soil","soil"],[null,null,null,null,null,null,null,null,"soil","soil"],[null,null,null,null,null,null,null,null,"soil","soil"],[null,null,null,null,null,null,null,null,"soil","soil"],[null,null,null,null,null,null,null,null,"soil","soil"],[null,null,null,null,null,null,null,null,"soil","soil"]],"hint":"","id":"town","info":"Make a town.","qc":true,"reqs":{"des":null,"ed":{},"el":{"town":1},"elat":null,"elim":[],"er":{},"mx":null,"mxf":null,"mxm":null,"pro":[],"rem":null,"sc":null,"stk":null,"tm":null},"rules":{"fp":false,"grav":true,"lev":30,"mode":"challenge","opt":0,"pool":{"air":4,"brick":3,"clay":4,"earth":8,"energy":2,"fire":4,"heat":4,"sky":2,"wall":1,"water":4},"rm":{"brick":1,"city":1,"clay":1,"energy":1,"heat":1,"house":1,"mud":1,"sky":1,"sun":1,"town":1,"village":1,"wall":1},"rows":0,"tt":480},"song":"Ruled My World"}
