{"grid":[[null,null,null,null,"cloud","pressure","air","air","soil","rock"],[null,null,null,null,"rain","earth","fire","soil","soil","rock"],[null,null,null,"moon",null,null,null,"seed","soil","rock"],[null,null,null,null,null,null,"fire","earth","soil","rock"],[null,null,null,null,null,null,"fire","water","soil","rock"],[null,null,null,null,null,null,null,"water","soil","rock"]],"hint":"","id":"tree","info":"Grow A Tree","qc":false,"reqs":{"des":null,"ed":{},"el":{"tree":1},"elat":null,"elim":[],"er":{},"mx":null,"mxf":null,"mxm":null,"pro":[],"rem":null,"sc":null,"stk":null,"tm":null},"rules":{"fp":false,"grav":false,"lev":0,"mode":"build","opt":0,"pool":{"air":13,"earth":13,"fire":13,"water":13},"rm":{"bush":1,"energy":1,"gravity":1,"pressure":1,"steam":1,"time":1,"tree":1,"wind":1},"rows":0,"tt":null},"song":null}
