{"grid":[[null,null,null,null,null,null,null,"soil","soil","soil"],[null,null,null,null,null,null,null,"soil","soil","soil"],[null,null,null,null,null,null,null,"soil","soil","soil"],[null,null,null,null,null,null,"house","soil","soil","soil"],[null,null,null,null,null,null,null,"soil","soil","soil"],[null,null,null,null,null,null,null,"soil","soil","soil"]],"hint":"","id":"village","info":"Make a village.","reqs":{"des":null,"ed":{},"el":{"village":1},"er":{},"mx":null,"mxf":null,"mxm":null,"rem":null,"sc":null,"stk":null,"tm":null},"rules":{"fp":false,"grav":true,"lev":30,"mode":"challenge","opt":0,"pool":{"air":4,"brick":2,"clay":4,"earth":8,"energy":2,"fire":4,"heat":4,"sky":2,"water":4},"rows":0,"tt":240},"song":"Ruled My World"}
