{"grid":[[null,null,null,null,null,null,"metal","metal","metal","metal"],[null,null,null,null,null,null,"metal","metal","virus","metal"],[null,null,null,null,null,null,"metal","virus","virus","virus"],[null,null,null,null,null,null,"metal","virus","virus","virus"],[null,null,null,null,null,null,"metal","metal","virus","metal"],[null,null,null,null,null,null,"metal","metal","metal","metal"]],"hint":"They say alchohol kills the virus - but maybe there's another way...","id":"virus","info":"Eliminate the virus entirley.","qc":true,"reqs":{"des":null,"ed":{},"el":{},"elat":null,"elim":["virus"],"er":{},"mx":null,"mxf":null,"mxm":null,"pro":[],"rem":null,"sc":null,"stk":null,"tm":null},"rules":{"fp":false,"grav":false,"lev":30,"mode":"challenge","opt":0,"pool":{"air":1,"earth":3,"fire":1,"life":1,"slime":1,"sugar":2,"water":2},"rm":{},"rows":0,"tt":600},"song":null}
