{"grid":[[null,null,null,null,"forest","forest","grass","house","wall","wall"],[null,null,null,null,"blaze","blaze","grass","house","wall","wall"],[null,null,null,null,"blaze","blaze","grass","house","wall","wall"],[null,null,null,null,"blaze","blaze","grass","house","wall","wall"],[null,null,null,null,"blaze","blaze","grass","house","wall","wall"],[null,null,null,null,"forest","forest","grass","house","wall","wall"]],"hint":"Find a way to douse the flame with heavy water elements.","id":"Wild Fire","info":"Protect the Houses from the Blaze.","qc":false,"reqs":{"des":null,"ed":{},"el":{},"elat":null,"elim":["blaze"],"er":{},"mx":null,"mxf":null,"mxm":null,"pro":["house"],"rem":null,"sc":null,"stk":null,"tm":null},"rules":{"fp":false,"grav":false,"lev":25,"mode":"challenge","opt":0,"pool":{"blaze":2,"fog":3,"mist":1,"pressure":2,"rain":1,"sky":3,"steam":3,"water":1},"rm":{"cloud":1,"fog":1,"frost":1,"ice":1,"lake":1,"pond":1,"pressure":1,"rain":1,"river":1,"snow":1},"rows":0,"tt":150},"song":"Feel The Burn"}
