{"grid":[[null,null,null,null,null,null,"house","wall","wall","wall"],[null,null,null,null,null,null,"house","wall","wall","wall"],[null,null,null,null,null,null,"house","wall","wall","wall"],[null,null,null,null,null,null,"house","wall","wall","wall"],[null,null,null,null,null,null,"house","wall","wall","wall"],[null,null,null,null,null,null,"house","wall","wall","wall"]],"hint":"","id":"Wild Fire","info":"Protect the Houses from the Blaze.","reqs":{"des":null,"ed":{},"el":{},"er":{},"mx":null,"mxf":null,"mxm":null,"rem":null,"sc":null,"stk":null,"tm":null},"rules":{"fp":false,"grav":false,"lev":0,"mode":"challenge","opt":0,"pool":{"blaze":1,"fog":1,"pressure":1,"rain":1,"sky":1},"rows":0,"tt":null},"song":null}
