{"grid":[["soil","soil","soil","soil","soil","soil","soil","soil","soil","soil"],["soil","water","earth","life","soil","energy","earth","earth","soil","soil"],["soil","worm","air","water","water","clay","water","soil","earth","soil"],["soil","earth","water","water","fire","plasma","soil","earth","fire","soil"],["moss","earth","earth","air","earth","water","earth","earth","earth","soil"],["soil","soil","soil","soil","soil","soil","soil","soil","soil","soil"]],"hint":"Plasma is made from energy and water and can be used to make life.","id":"worm Farm","info":"The one worm is lonely. Make 5 more worms to keep him company.","qc":false,"reqs":{"des":null,"ed":{},"el":{"worm":5},"elat":null,"elim":[],"er":{},"mx":null,"mxf":null,"mxm":null,"pro":[],"rem":null,"sc":null,"stk":null,"tm":null},"rules":{"fp":false,"grav":true,"lev":0,"mode":"breakdown","opt":0,"pool":{"air":15,"earth":15,"fire":15,"water":15},"rm":{"catepillar":1,"clay":1,"energy":1,"grass":1,"life":1,"mud":1,"plasma":1,"worm":1},"rows":0,"tt":null},"song":"In The Lab"}
