{"grid":[[null,null,null,null,null,null,null,"soil","rock","rock"],[null,null,null,null,null,"fire","water","soil","rock","rock"],[null,null,null,null,null,"earth","air","soil","rock","rock"],[null,null,null,null,null,"water","earth","soil","rock","rock"],[null,null,null,null,null,null,"earth","soil","rock","rock"],[null,null,null,null,null,null,null,"soil","rock","rock"]],"hint":"Worm is the most basic form of life.","id":"worm","info":"Make a worm.","reqs":{"des":null,"ed":{},"el":{"worm":1},"er":{},"mx":null,"mxf":null,"mxm":null,"rem":null,"sc":null,"stk":null,"tm":null},"rules":{"fp":false,"grav":true,"lev":0,"mode":"build","opt":0,"pool":{"air":13,"earth":13,"fire":13,"water":13},"rows":0,"tt":null},"song":"Hyphy New Year"}
