{"grid":[["wall","wall","wall","wall","wall","wall","wall","wall","wall","wall"],["wall","wall","wall","wall","wall","water","wall","earth","life","wall"],["wall","life","water","water","wall","water","earth","wall","water","wall"],["wall","earth","wall","wall","earth","earth","life","wall","earth","wall"],["wall","water","life","water","water","wall","earth","water","wall","water"],["wall","wall","earth","wall","earth","wall","wall","life","earth","wall"]],"hint":"Yeast is related to bacteria.","id":"yeast","info":"Create yeast 5 times. Quick! This ones time sensitive. You only have 30 seconds.","qc":true,"reqs":{"des":null,"ed":{},"el":{"yeast":5},"elat":null,"elim":[],"er":{},"mx":null,"mxf":null,"mxm":null,"pro":[],"rem":null,"sc":null,"stk":null,"tm":30},"rules":{"fp":false,"grav":true,"lev":0,"mode":"breakdown","opt":0,"pool":{"air":1},"rm":{"bacteria":1,"energy":1,"life":1,"mud":1,"plasma":1,"pond":1,"slime":1,"yeast":1},"rows":0,"tt":25},"song":"Feel The Burn"}
